{
  "id": "OptiFine 1.18",
  "time": "2021-11-30T14:45:30+05:30",
  "releaseTime": "2021-11-30T14:46:29+05:30",
  "type": "modified",
  "mainClass": "net.minecraft.launchwrapper.Launch",
  "minimumLauncherVersion": 21,
  "arguments": {
    "game": [
      {
        "values": [
          "--username"
        ]
      },
      {
        "values": [
          "${auth_player_name}"
        ]
      },
      {
        "values": [
          "--version"
        ]
      },
      {
        "values": [
          "${version_name}"
        ]
      },
      {
        "values": [
          "--gameDir"
        ]
      },
      {
        "values": [
          "${game_directory}"
        ]
      },
      {
        "values": [
          "--assetsDir"
        ]
      },
      {
        "values": [
          "${assets_root}"
        ]
      },
      {
        "values": [
          "--assetIndex"
        ]
      },
      {
        "values": [
          "${assets_index_name}"
        ]
      },
      {
        "values": [
          "--uuid"
        ]
      },
      {
        "values": [
          "${auth_uuid}"
        ]
      },
      {
        "values": [
          "--accessToken"
        ]
      },
      {
        "values": [
          "${auth_access_token}"
        ]
      },
      {
        "values": [
          "--clientId"
        ]
      },
      {
        "values": [
          "${clientid}"
        ]
      },
      {
        "values": [
          "--xuid"
        ]
      },
      {
        "values": [
          "${auth_xuid}"
        ]
      },
      {
        "values": [
          "--userType"
        ]
      },
      {
        "values": [
          "${user_type}"
        ]
      },
      {
        "values": [
          "--versionType"
        ]
      },
      {
        "values": [
          "${version_type}"
        ]
      },
      {
        "values": [
          "--demo"
        ],
        "rules": [
          {
            "action": "allow",
            "features": {
              "is_demo_user": true
            }
          }
        ]
      },
      {
        "values": [
          "--width",
          "${resolution_width}",
          "--height",
          "${resolution_height}"
        ],
        "rules": [
          {
            "action": "allow",
            "features": {
              "has_custom_resolution": true
            }
          }
        ]
      },
      {
        "values": [
          "--tweakClass"
        ]
      },
      {
        "values": [
          "optifine.OptiFineTweaker"
        ]
      }
    ],
    "jvm": [
      {
        "values": [
          "-XstartOnFirstThread"
        ],
        "rules": [
          {
            "action": "allow",
            "os": {
              "name": "osx"
            }
          }
        ]
      },
      {
        "values": [
          "-XX:HeapDumpPath=MojangTricksIntelDriversForPerformance_javaw.exe_minecraft.exe.heapdump"
        ],
        "rules": [
          {
            "action": "allow",
            "os": {
              "name": "windows"
            }
          }
        ]
      },
      {
        "values": [
          "-Dos.name=Windows 10",
          "-Dos.version=10.0"
        ],
        "rules": [
          {
            "action": "allow",
            "os": {
              "name": "windows",
              "version": "^10\\."
            }
          }
        ]
      },
      {
        "values": [
          "-Xss1M"
        ],
        "rules": [
          {
            "action": "allow",
            "os": {}
          }
        ]
      },
      {
        "values": [
          "-Djava.library.path=${natives_directory}"
        ]
      },
      {
        "values": [
          "-Dminecraft.launcher.brand=${launcher_name}"
        ]
      },
      {
        "values": [
          "-Dminecraft.launcher.version=${launcher_version}"
        ]
      },
      {
        "values": [
          "-cp"
        ]
      },
      {
        "values": [
          "${classpath}"
        ]
      }
    ]
  },
  "assets": "1.18",
  "libraries": [
    {
      "name": "optifine:OptiFine:OptiFine-1.18_HD_U_H3",
      "artifact": {
        "sha1": "b62f74d37d244c52bbdb87dcabb058abc9807f52",
        "size": 5987288,
        "path": "optifine/OptiFine/OptiFine-1.18_HD_U_H3/OptiFine-1.18_HD_U_H3.jar",
        "url": "http://res.tlauncher.org/unb/libraries/optifine/OptiFine/1.18_HD_U_H3/OptiFine-1.18_HD_U_H3.jar"
      }
    },
    {
      "name": "optifine:launchwrapper-of:2.3",
      "artifact": {
        "sha1": "073b25f1667904d481b10f706288c95ea9656f0c",
        "size": 15930,
        "path": "optifine/launchwrapper-of/2.3/launchwrapper-of-2.3.jar",
        "url": "http://res.tlauncher.org/unb/libraries/optifine/launchwrapper-of/2.3/launchwrapper-of-2.3.jar"
      }
    },
    {
      "name": "com.mojang:blocklist:1.0.6",
      "artifact": {
        "sha1": "7039c2c6209064ee4132cea7a0737b63b92c725e",
        "size": 964,
        "path": "com/mojang/blocklist/1.0.6/blocklist-1.0.6.jar",
        "url": "https://libraries.minecraft.net/com/mojang/blocklist/1.0.6/blocklist-1.0.6.jar"
      }
    },
    {
      "name": "com.mojang:patchy:2.1.6",
      "artifact": {
        "sha1": "ce112c16c6275fdfff2d30208533ec906a191f71",
        "size": 10090,
        "path": "com/mojang/patchy/2.1.6/patchy-2.1.6.jar",
        "url": "https://libraries.minecraft.net/com/mojang/patchy/2.1.6/patchy-2.1.6.jar"
      }
    },
    {
      "name": "com.github.oshi:oshi-core:5.8.2",
      "artifact": {
        "sha1": "3a4c610d5991654009653e55b3204065441e2f0d",
        "size": 879038,
        "path": "com/github/oshi/oshi-core/5.8.2/oshi-core-5.8.2.jar",
        "url": "https://libraries.minecraft.net/com/github/oshi/oshi-core/5.8.2/oshi-core-5.8.2.jar"
      }
    },
    {
      "name": "net.java.dev.jna:jna:5.9.0",
      "artifact": {
        "sha1": "8f503e6d9b500ceff299052d6be75b38c7257758",
        "size": 1729586,
        "path": "net/java/dev/jna/jna/5.9.0/jna-5.9.0.jar",
        "url": "https://libraries.minecraft.net/net/java/dev/jna/jna/5.9.0/jna-5.9.0.jar"
      }
    },
    {
      "name": "net.java.dev.jna:jna-platform:5.9.0",
      "artifact": {
        "sha1": "c535a5bda553d7d7690356c825010da74b2671b5",
        "size": 1343236,
        "path": "net/java/dev/jna/jna-platform/5.9.0/jna-platform-5.9.0.jar",
        "url": "https://libraries.minecraft.net/net/java/dev/jna/jna-platform/5.9.0/jna-platform-5.9.0.jar"
      }
    },
    {
      "name": "org.slf4j:slf4j-api:1.8.0-beta4",
      "artifact": {
        "sha1": "83b0359d847ee053d745be7ec0d8e9e8a44304b4",
        "size": 44213,
        "path": "org/slf4j/slf4j-api/1.8.0-beta4/slf4j-api-1.8.0-beta4.jar",
        "url": "https://libraries.minecraft.net/org/slf4j/slf4j-api/1.8.0-beta4/slf4j-api-1.8.0-beta4.jar"
      }
    },
    {
      "name": "org.apache.logging.log4j:log4j-slf4j18-impl:2.14.1",
      "artifact": {
        "sha1": "312b4d91b21160b9fab43600fa787f31e8cab930",
        "size": 20688,
        "path": "org/apache/logging/log4j/log4j-slf4j18-impl/2.14.1/log4j-slf4j18-impl-2.14.1.jar",
        "url": "https://libraries.minecraft.net/org/apache/logging/log4j/log4j-slf4j18-impl/2.14.1/log4j-slf4j18-impl-2.14.1.jar"
      }
    },
    {
      "name": "com.ibm.icu:icu4j:69.1",
      "artifact": {
        "sha1": "ff666ac55986650893aacb9e2e0003538e9799c0",
        "size": 13356812,
        "path": "com/ibm/icu/icu4j/69.1/icu4j-69.1.jar",
        "url": "https://libraries.minecraft.net/com/ibm/icu/icu4j/69.1/icu4j-69.1.jar"
      }
    },
    {
      "name": "com.mojang:javabridge:1.2.24",
      "artifact": {
        "sha1": "0c876796229b2ef5120f186eab5acc870699d3b9",
        "size": 6053,
        "path": "com/mojang/javabridge/1.2.24/javabridge-1.2.24.jar",
        "url": "https://libraries.minecraft.net/com/mojang/javabridge/1.2.24/javabridge-1.2.24.jar"
      }
    },
    {
      "name": "net.sf.jopt-simple:jopt-simple:5.0.4",
      "artifact": {
        "sha1": "4fdac2fbe92dfad86aa6e9301736f6b4342a3f5c",
        "size": 78146,
        "path": "net/sf/jopt-simple/jopt-simple/5.0.4/jopt-simple-5.0.4.jar",
        "url": "https://libraries.minecraft.net/net/sf/jopt-simple/jopt-simple/5.0.4/jopt-simple-5.0.4.jar"
      }
    },
    {
      "name": "io.netty:netty-all:4.1.68.Final",
      "artifact": {
        "sha1": "b8266a3c93c1c051109f71d3449e5dcd5d60b333",
        "size": 4515045,
        "path": "io/netty/netty-all/4.1.68.Final/netty-all-4.1.68.Final.jar",
        "url": "https://libraries.minecraft.net/io/netty/netty-all/4.1.68.Final/netty-all-4.1.68.Final.jar"
      }
    },
    {
      "name": "com.google.guava:failureaccess:1.0.1",
      "artifact": {
        "sha1": "1dcf1de382a0bf95a3d8b0849546c88bac1292c9",
        "size": 4617,
        "path": "com/google/guava/failureaccess/1.0.1/failureaccess-1.0.1.jar",
        "url": "https://libraries.minecraft.net/com/google/guava/failureaccess/1.0.1/failureaccess-1.0.1.jar"
      }
    },
    {
      "name": "com.google.guava:guava:31.0.1-jre",
      "artifact": {
        "sha1": "119ea2b2bc205b138974d351777b20f02b92704b",
        "size": 2974216,
        "path": "com/google/guava/guava/31.0.1-jre/guava-31.0.1-jre.jar",
        "url": "https://libraries.minecraft.net/com/google/guava/guava/31.0.1-jre/guava-31.0.1-jre.jar"
      }
    },
    {
      "name": "org.apache.commons:commons-lang3:3.12.0",
      "artifact": {
        "sha1": "c6842c86792ff03b9f1d1fe2aab8dc23aa6c6f0e",
        "size": 587402,
        "path": "org/apache/commons/commons-lang3/3.12.0/commons-lang3-3.12.0.jar",
        "url": "https://libraries.minecraft.net/org/apache/commons/commons-lang3/3.12.0/commons-lang3-3.12.0.jar"
      }
    },
    {
      "name": "commons-io:commons-io:2.11.0",
      "artifact": {
        "sha1": "a2503f302b11ebde7ebc3df41daebe0e4eea3689",
        "size": 327135,
        "path": "commons-io/commons-io/2.11.0/commons-io-2.11.0.jar",
        "url": "https://libraries.minecraft.net/commons-io/commons-io/2.11.0/commons-io-2.11.0.jar"
      }
    },
    {
      "name": "commons-codec:commons-codec:1.15",
      "artifact": {
        "sha1": "49d94806b6e3dc933dacbd8acb0fdbab8ebd1e5d",
        "size": 353793,
        "path": "commons-codec/commons-codec/1.15/commons-codec-1.15.jar",
        "url": "https://libraries.minecraft.net/commons-codec/commons-codec/1.15/commons-codec-1.15.jar"
      }
    },
    {
      "name": "com.mojang:brigadier:1.0.18",
      "artifact": {
        "sha1": "c1ef1234282716483c92183f49bef47b1a89bfa9",
        "size": 77116,
        "path": "com/mojang/brigadier/1.0.18/brigadier-1.0.18.jar",
        "url": "https://libraries.minecraft.net/com/mojang/brigadier/1.0.18/brigadier-1.0.18.jar"
      }
    },
    {
      "name": "com.mojang:datafixerupper:4.0.26",
      "artifact": {
        "sha1": "ebd6690f33871ccee9b6132c6480668ee2e35020",
        "size": 673183,
        "path": "com/mojang/datafixerupper/4.0.26/datafixerupper-4.0.26.jar",
        "url": "https://libraries.minecraft.net/com/mojang/datafixerupper/4.0.26/datafixerupper-4.0.26.jar"
      }
    },
    {
      "name": "com.google.code.gson:gson:2.8.8",
      "artifact": {
        "sha1": "431fc3cbc0ff81abdbfde070062741089c3ba874",
        "size": 242047,
        "path": "com/google/code/gson/gson/2.8.8/gson-2.8.8.jar",
        "url": "https://libraries.minecraft.net/com/google/code/gson/gson/2.8.8/gson-2.8.8.jar"
      }
    },
    {
      "name": "com.mojang:authlib:3.2.38",
      "artifact": {
        "sha1": "7bba19e34be22fded9ceb409ca1e8fb7525daf55",
        "size": 102196,
        "path": "com/mojang/authlib/3.2.38/authlib-3.2.38.jar",
        "url": "https://libraries.minecraft.net/com/mojang/authlib/3.2.38/authlib-3.2.38.jar"
      }
    },
    {
      "name": "org.apache.commons:commons-compress:1.21",
      "artifact": {
        "sha1": "4ec95b60d4e86b5c95a0e919cb172a0af98011ef",
        "size": 1018316,
        "path": "org/apache/commons/commons-compress/1.21/commons-compress-1.21.jar",
        "url": "https://libraries.minecraft.net/org/apache/commons/commons-compress/1.21/commons-compress-1.21.jar"
      }
    },
    {
      "name": "org.apache.httpcomponents:httpclient:4.5.13",
      "artifact": {
        "sha1": "e5f6cae5ca7ecaac1ec2827a9e2d65ae2869cada",
        "size": 780321,
        "path": "org/apache/httpcomponents/httpclient/4.5.13/httpclient-4.5.13.jar",
        "url": "https://libraries.minecraft.net/org/apache/httpcomponents/httpclient/4.5.13/httpclient-4.5.13.jar"
      }
    },
    {
      "name": "commons-logging:commons-logging:1.2",
      "artifact": {
        "sha1": "4bfc12adfe4842bf07b657f0369c4cb522955686",
        "size": 61829,
        "path": "commons-logging/commons-logging/1.2/commons-logging-1.2.jar",
        "url": "https://libraries.minecraft.net/commons-logging/commons-logging/1.2/commons-logging-1.2.jar"
      }
    },
    {
      "name": "org.apache.httpcomponents:httpcore:4.4.14",
      "artifact": {
        "sha1": "9dd1a631c082d92ecd4bd8fd4cf55026c720a8c1",
        "size": 328436,
        "path": "org/apache/httpcomponents/httpcore/4.4.14/httpcore-4.4.14.jar",
        "url": "https://libraries.minecraft.net/org/apache/httpcomponents/httpcore/4.4.14/httpcore-4.4.14.jar"
      }
    },
    {
      "name": "it.unimi.dsi:fastutil:8.5.6",
      "artifact": {
        "sha1": "76f95700418a68fbc4ac050525261f05dc681ca1",
        "size": 23565248,
        "path": "it/unimi/dsi/fastutil/8.5.6/fastutil-8.5.6.jar",
        "url": "https://libraries.minecraft.net/it/unimi/dsi/fastutil/8.5.6/fastutil-8.5.6.jar"
      }
    },
    {
      "name": "org.apache.logging.log4j:log4j-api:2.14.1",
      "artifact": {
        "sha1": "cd8858fbbde69f46bce8db1152c18a43328aae78",
        "size": 300365,
        "path": "org/apache/logging/log4j/log4j-api/2.14.1/log4j-api-2.14.1.jar",
        "url": "https://libraries.minecraft.net/org/apache/logging/log4j/log4j-api/2.14.1/log4j-api-2.14.1.jar"
      }
    },
    {
      "name": "org.apache.logging.log4j:log4j-core:2.14.1",
      "artifact": {
        "sha1": "9141212b8507ab50a45525b545b39d224614528b",
        "size": 1745700,
        "path": "org/apache/logging/log4j/log4j-core/2.14.1/log4j-core-2.14.1.jar",
        "url": "https://libraries.minecraft.net/org/apache/logging/log4j/log4j-core/2.14.1/log4j-core-2.14.1.jar"
      }
    },
    {
      "name": "org.lwjgl:lwjgl:3.2.1",
      "rules": [
        {
          "action": "allow",
          "os": {
            "name": "osx"
          }
        }
      ],
      "artifact": {
        "sha1": "2bb514e444994c6fece99a21f76e0c90438e377f",
        "size": 317748,
        "path": "org/lwjgl/lwjgl/3.2.1/lwjgl-3.2.1.jar",
        "url": "https://libraries.minecraft.net/org/lwjgl/lwjgl/3.2.1/lwjgl-3.2.1.jar"
      }
    },
    {
      "name": "org.lwjgl:lwjgl:3.2.2",
      "rules": [
        {
          "action": "allow"
        },
        {
          "action": "disallow",
          "os": {
            "name": "osx"
          }
        }
      ],
      "artifact": {
        "sha1": "8ad6294407e15780b43e84929c40e4c5e997972e",
        "size": 321900,
        "path": "org/lwjgl/lwjgl/3.2.2/lwjgl-3.2.2.jar",
        "url": "https://libraries.minecraft.net/org/lwjgl/lwjgl/3.2.2/lwjgl-3.2.2.jar"
      }
    },
    {
      "name": "org.lwjgl:lwjgl-jemalloc:3.2.1",
      "rules": [
        {
          "action": "allow",
          "os": {
            "name": "osx"
          }
        }
      ],
      "artifact": {
        "sha1": "7a0c583fcbec32b15784f846df536e1837d83666",
        "size": 38616,
        "path": "org/lwjgl/lwjgl-jemalloc/3.2.1/lwjgl-jemalloc-3.2.1.jar",
        "url": "https://libraries.minecraft.net/org/lwjgl/lwjgl-jemalloc/3.2.1/lwjgl-jemalloc-3.2.1.jar"
      }
    },
    {
      "name": "org.lwjgl:lwjgl-jemalloc:3.2.2",
      "rules": [
        {
          "action": "allow"
        },
        {
          "action": "disallow",
          "os": {
            "name": "osx"
          }
        }
      ],
      "artifact": {
        "sha1": "ee8e57a79300f78294576d87c4a587f8c99402e2",
        "size": 34848,
        "path": "org/lwjgl/lwjgl-jemalloc/3.2.2/lwjgl-jemalloc-3.2.2.jar",
        "url": "https://libraries.minecraft.net/org/lwjgl/lwjgl-jemalloc/3.2.2/lwjgl-jemalloc-3.2.2.jar"
      }
    },
    {
      "name": "org.lwjgl:lwjgl-openal:3.2.1",
      "rules": [
        {
          "action": "allow",
          "os": {
            "name": "osx"
          }
        }
      ],
      "artifact": {
        "sha1": "dc7ff2dabb40a141ee9bf2e326d9b1b19f3278fb",
        "size": 80103,
        "path": "org/lwjgl/lwjgl-openal/3.2.1/lwjgl-openal-3.2.1.jar",
        "url": "https://libraries.minecraft.net/org/lwjgl/lwjgl-openal/3.2.1/lwjgl-openal-3.2.1.jar"
      }
    },
    {
      "name": "org.lwjgl:lwjgl-openal:3.2.2",
      "rules": [
        {
          "action": "allow"
        },
        {
          "action": "disallow",
          "os": {
            "name": "osx"
          }
        }
      ],
      "artifact": {
        "sha1": "2b772a102b0a11ee5f2109a5b136f4dc7c630827",
        "size": 80012,
        "path": "org/lwjgl/lwjgl-openal/3.2.2/lwjgl-openal-3.2.2.jar",
        "url": "https://libraries.minecraft.net/org/lwjgl/lwjgl-openal/3.2.2/lwjgl-openal-3.2.2.jar"
      }
    },
    {
      "name": "org.lwjgl:lwjgl-opengl:3.2.1",
      "rules": [
        {
          "action": "allow",
          "os": {
            "name": "osx"
          }
        }
      ],
      "artifact": {
        "sha1": "57008c2374c5bc434b18adfef3f3653ee450ee18",
        "size": 931322,
        "path": "org/lwjgl/lwjgl-opengl/3.2.1/lwjgl-opengl-3.2.1.jar",
        "url": "https://libraries.minecraft.net/org/lwjgl/lwjgl-opengl/3.2.1/lwjgl-opengl-3.2.1.jar"
      }
    },
    {
      "name": "org.lwjgl:lwjgl-opengl:3.2.2",
      "rules": [
        {
          "action": "allow"
        },
        {
          "action": "disallow",
          "os": {
            "name": "osx"
          }
        }
      ],
      "artifact": {
        "sha1": "6ac5bb88b44c43ea195a570aab059f63da004cd8",
        "size": 929780,
        "path": "org/lwjgl/lwjgl-opengl/3.2.2/lwjgl-opengl-3.2.2.jar",
        "url": "https://libraries.minecraft.net/org/lwjgl/lwjgl-opengl/3.2.2/lwjgl-opengl-3.2.2.jar"
      }
    },
    {
      "name": "org.lwjgl:lwjgl-glfw:3.2.1",
      "rules": [
        {
          "action": "allow",
          "os": {
            "name": "osx"
          }
        }
      ],
      "artifact": {
        "sha1": "027abb7f64894b61cad163791acd8113f0b21296",
        "size": 116708,
        "path": "org/lwjgl/lwjgl-glfw/3.2.1/lwjgl-glfw-3.2.1.jar",
        "url": "https://libraries.minecraft.net/org/lwjgl/lwjgl-glfw/3.2.1/lwjgl-glfw-3.2.1.jar"
      }
    },
    {
      "name": "org.lwjgl:lwjgl-glfw:3.2.2",
      "rules": [
        {
          "action": "allow"
        },
        {
          "action": "disallow",
          "os": {
            "name": "osx"
          }
        }
      ],
      "artifact": {
        "sha1": "d3ad4df38e400b8afba1de63f84338809399df5b",
        "size": 108907,
        "path": "org/lwjgl/lwjgl-glfw/3.2.2/lwjgl-glfw-3.2.2.jar",
        "url": "https://libraries.minecraft.net/org/lwjgl/lwjgl-glfw/3.2.2/lwjgl-glfw-3.2.2.jar"
      }
    },
    {
      "name": "org.lwjgl:lwjgl-stb:3.2.1",
      "rules": [
        {
          "action": "allow",
          "os": {
            "name": "osx"
          }
        }
      ],
      "artifact": {
        "sha1": "31f5eb5fce3791d58ec898bc5c1867d76d781ba1",
        "size": 105765,
        "path": "org/lwjgl/lwjgl-stb/3.2.1/lwjgl-stb-3.2.1.jar",
        "url": "https://libraries.minecraft.net/org/lwjgl/lwjgl-stb/3.2.1/lwjgl-stb-3.2.1.jar"
      }
    },
    {
      "name": "org.lwjgl:lwjgl-stb:3.2.2",
      "rules": [
        {
          "action": "allow"
        },
        {
          "action": "disallow",
          "os": {
            "name": "osx"
          }
        }
      ],
      "artifact": {
        "sha1": "3b8e6ebc5851dd3d17e37e5cadce2eff2a429f0f",
        "size": 104469,
        "path": "org/lwjgl/lwjgl-stb/3.2.2/lwjgl-stb-3.2.2.jar",
        "url": "https://libraries.minecraft.net/org/lwjgl/lwjgl-stb/3.2.2/lwjgl-stb-3.2.2.jar"
      }
    },
    {
      "name": "org.lwjgl:lwjgl-tinyfd:3.2.1",
      "rules": [
        {
          "action": "allow",
          "os": {
            "name": "osx"
          }
        }
      ],
      "artifact": {
        "sha1": "259f1dbddb921e27e01b32458d6f584eb8bba13a",
        "size": 7088,
        "path": "org/lwjgl/lwjgl-tinyfd/3.2.1/lwjgl-tinyfd-3.2.1.jar",
        "url": "https://libraries.minecraft.net/org/lwjgl/lwjgl-tinyfd/3.2.1/lwjgl-tinyfd-3.2.1.jar"
      }
    },
    {
      "name": "org.lwjgl:lwjgl-tinyfd:3.2.2",
      "rules": [
        {
          "action": "allow"
        },
        {
          "action": "disallow",
          "os": {
            "name": "osx"
          }
        }
      ],
      "artifact": {
        "sha1": "fcbe606c8f8da6f8f9a05e2c540eb1ee8632b0e9",
        "size": 7092,
        "path": "org/lwjgl/lwjgl-tinyfd/3.2.2/lwjgl-tinyfd-3.2.2.jar",
        "url": "https://libraries.minecraft.net/org/lwjgl/lwjgl-tinyfd/3.2.2/lwjgl-tinyfd-3.2.2.jar"
      }
    },
    {
      "name": "org.lwjgl:lwjgl:3.2.1",
      "rules": [
        {
          "action": "allow",
          "os": {
            "name": "osx"
          }
        }
      ],
      "natives": {
        "osx": "natives-macos"
      },
      "artifact": {
        "sha1": "2bb514e444994c6fece99a21f76e0c90438e377f",
        "size": 317748,
        "path": "org/lwjgl/lwjgl/3.2.1/lwjgl-3.2.1.jar",
        "url": "https://libraries.minecraft.net/org/lwjgl/lwjgl/3.2.1/lwjgl-3.2.1.jar"
      },
      "classifies": {
        "osx": {
          "sha1": "5a4c271d150906858d475603dcb9479453c60555",
          "size": 39835,
          "path": "org/lwjgl/lwjgl/3.2.1/lwjgl-3.2.1-natives-macos.jar",
          "url": "https://libraries.minecraft.net/org/lwjgl/lwjgl/3.2.1/lwjgl-3.2.1-natives-macos.jar"
        }
      }
    },
    {
      "name": "org.lwjgl:lwjgl:3.2.2",
      "rules": [
        {
          "action": "allow"
        },
        {
          "action": "disallow",
          "os": {
            "name": "osx"
          }
        }
      ],
      "natives": {
        "linux": "natives-linux",
        "windows": "natives-windows"
      },
      "artifact": {
        "sha1": "8ad6294407e15780b43e84929c40e4c5e997972e",
        "size": 321900,
        "path": "org/lwjgl/lwjgl/3.2.2/lwjgl-3.2.2.jar",
        "url": "https://libraries.minecraft.net/org/lwjgl/lwjgl/3.2.2/lwjgl-3.2.2.jar"
      },
      "classifies": {
        "linux": {
          "sha1": "ae7976827ca2a3741f6b9a843a89bacd637af350",
          "size": 124776,
          "path": "org/lwjgl/lwjgl/3.2.2/lwjgl-3.2.2-natives-linux.jar",
          "url": "https://libraries.minecraft.net/org/lwjgl/lwjgl/3.2.2/lwjgl-3.2.2-natives-linux.jar"
        },
        "windows": {
          "sha1": "05359f3aa50d36352815fc662ea73e1c00d22170",
          "size": 279593,
          "path": "org/lwjgl/lwjgl/3.2.2/lwjgl-3.2.2-natives-windows.jar",
          "url": "https://libraries.minecraft.net/org/lwjgl/lwjgl/3.2.2/lwjgl-3.2.2-natives-windows.jar"
        }
      }
    },
    {
      "name": "org.lwjgl:lwjgl-jemalloc:3.2.1",
      "rules": [
        {
          "action": "allow",
          "os": {
            "name": "osx"
          }
        }
      ],
      "natives": {
        "osx": "natives-macos"
      },
      "artifact": {
        "sha1": "7a0c583fcbec32b15784f846df536e1837d83666",
        "size": 38616,
        "path": "org/lwjgl/lwjgl-jemalloc/3.2.1/lwjgl-jemalloc-3.2.1.jar",
        "url": "https://libraries.minecraft.net/org/lwjgl/lwjgl-jemalloc/3.2.1/lwjgl-jemalloc-3.2.1.jar"
      },
      "classifies": {
        "osx": {
          "sha1": "439ab9d0264167a949cc7bcce673704322baaf50",
          "size": 117001,
          "path": "org/lwjgl/lwjgl-jemalloc/3.2.1/lwjgl-jemalloc-3.2.1-natives-macos.jar",
          "url": "https://libraries.minecraft.net/org/lwjgl/lwjgl-jemalloc/3.2.1/lwjgl-jemalloc-3.2.1-natives-macos.jar"
        }
      }
    },
    {
      "name": "org.lwjgl:lwjgl-jemalloc:3.2.2",
      "rules": [
        {
          "action": "allow"
        },
        {
          "action": "disallow",
          "os": {
            "name": "osx"
          }
        }
      ],
      "natives": {
        "linux": "natives-linux",
        "windows": "natives-windows"
      },
      "artifact": {
        "sha1": "ee8e57a79300f78294576d87c4a587f8c99402e2",
        "size": 34848,
        "path": "org/lwjgl/lwjgl-jemalloc/3.2.2/lwjgl-jemalloc-3.2.2.jar",
        "url": "https://libraries.minecraft.net/org/lwjgl/lwjgl-jemalloc/3.2.2/lwjgl-jemalloc-3.2.2.jar"
      },
      "classifies": {
        "linux": {
          "sha1": "268c08a150347e04e44ba56e359d62c9b78669df",
          "size": 156173,
          "path": "org/lwjgl/lwjgl-jemalloc/3.2.2/lwjgl-jemalloc-3.2.2-natives-linux.jar",
          "url": "https://libraries.minecraft.net/org/lwjgl/lwjgl-jemalloc/3.2.2/lwjgl-jemalloc-3.2.2-natives-linux.jar"
        },
        "windows": {
          "sha1": "338b25b99da3ba5f441f6492f2ce2a9c608860ed",
          "size": 220623,
          "path": "org/lwjgl/lwjgl-jemalloc/3.2.2/lwjgl-jemalloc-3.2.2-natives-windows.jar",
          "url": "https://libraries.minecraft.net/org/lwjgl/lwjgl-jemalloc/3.2.2/lwjgl-jemalloc-3.2.2-natives-windows.jar"
        }
      }
    },
    {
      "name": "org.lwjgl:lwjgl-openal:3.2.1",
      "rules": [
        {
          "action": "allow",
          "os": {
            "name": "osx"
          }
        }
      ],
      "natives": {
        "osx": "natives-macos"
      },
      "artifact": {
        "sha1": "dc7ff2dabb40a141ee9bf2e326d9b1b19f3278fb",
        "size": 80103,
        "path": "org/lwjgl/lwjgl-openal/3.2.1/lwjgl-openal-3.2.1.jar",
        "url": "https://libraries.minecraft.net/org/lwjgl/lwjgl-openal/3.2.1/lwjgl-openal-3.2.1.jar"
      },
      "classifies": {
        "osx": {
          "sha1": "9357ebfc82a0d6f64e17093dd963219367cd6fa2",
          "size": 528004,
          "path": "org/lwjgl/lwjgl-openal/3.2.1/lwjgl-openal-3.2.1-natives-macos.jar",
          "url": "https://libraries.minecraft.net/org/lwjgl/lwjgl-openal/3.2.1/lwjgl-openal-3.2.1-natives-macos.jar"
        }
      }
    },
    {
      "name": "org.lwjgl:lwjgl-openal:3.2.2",
      "rules": [
        {
          "action": "allow"
        },
        {
          "action": "disallow",
          "os": {
            "name": "osx"
          }
        }
      ],
      "natives": {
        "linux": "natives-linux",
        "windows": "natives-windows"
      },
      "artifact": {
        "sha1": "2b772a102b0a11ee5f2109a5b136f4dc7c630827",
        "size": 80012,
        "path": "org/lwjgl/lwjgl-openal/3.2.2/lwjgl-openal-3.2.2.jar",
        "url": "https://libraries.minecraft.net/org/lwjgl/lwjgl-openal/3.2.2/lwjgl-openal-3.2.2.jar"
      },
      "classifies": {
        "linux": {
          "sha1": "0364f9f5c3947393083ab5f37a571f5603aadd0b",
          "size": 590997,
          "path": "org/lwjgl/lwjgl-openal/3.2.2/lwjgl-openal-3.2.2-natives-linux.jar",
          "url": "https://libraries.minecraft.net/org/lwjgl/lwjgl-openal/3.2.2/lwjgl-openal-3.2.2-natives-linux.jar"
        },
        "windows": {
          "sha1": "ec20a7d42a2438528fca87e60b1705f1e2339ddb",
          "size": 1310102,
          "path": "org/lwjgl/lwjgl-openal/3.2.2/lwjgl-openal-3.2.2-natives-windows.jar",
          "url": "https://libraries.minecraft.net/org/lwjgl/lwjgl-openal/3.2.2/lwjgl-openal-3.2.2-natives-windows.jar"
        }
      }
    },
    {
      "name": "org.lwjgl:lwjgl-opengl:3.2.1",
      "rules": [
        {
          "action": "allow",
          "os": {
            "name": "osx"
          }
        }
      ],
      "natives": {
        "osx": "natives-macos"
      },
      "artifact": {
        "sha1": "57008c2374c5bc434b18adfef3f3653ee450ee18",
        "size": 931322,
        "path": "org/lwjgl/lwjgl-opengl/3.2.1/lwjgl-opengl-3.2.1.jar",
        "url": "https://libraries.minecraft.net/org/lwjgl/lwjgl-opengl/3.2.1/lwjgl-opengl-3.2.1.jar"
      },
      "classifies": {
        "osx": {
          "sha1": "dca9ad9e59a87172144d531e08ef7f6988073db0",
          "size": 38998,
          "path": "org/lwjgl/lwjgl-opengl/3.2.1/lwjgl-opengl-3.2.1-natives-macos.jar",
          "url": "https://libraries.minecraft.net/org/lwjgl/lwjgl-opengl/3.2.1/lwjgl-opengl-3.2.1-natives-macos.jar"
        }
      }
    },
    {
      "name": "org.lwjgl:lwjgl-opengl:3.2.2",
      "rules": [
        {
          "action": "allow"
        },
        {
          "action": "disallow",
          "os": {
            "name": "osx"
          }
        }
      ],
      "natives": {
        "linux": "natives-linux",
        "windows": "natives-windows"
      },
      "artifact": {
        "sha1": "6ac5bb88b44c43ea195a570aab059f63da004cd8",
        "size": 929780,
        "path": "org/lwjgl/lwjgl-opengl/3.2.2/lwjgl-opengl-3.2.2.jar",
        "url": "https://libraries.minecraft.net/org/lwjgl/lwjgl-opengl/3.2.2/lwjgl-opengl-3.2.2.jar"
      },
      "classifies": {
        "linux": {
          "sha1": "338d33387919cb3f4cdba143c2b738a71ccfda60",
          "size": 77392,
          "path": "org/lwjgl/lwjgl-opengl/3.2.2/lwjgl-opengl-3.2.2-natives-linux.jar",
          "url": "https://libraries.minecraft.net/org/lwjgl/lwjgl-opengl/3.2.2/lwjgl-opengl-3.2.2-natives-linux.jar"
        },
        "windows": {
          "sha1": "d8dcdc91066cae2d2d8279cb4a9f9f05d9525826",
          "size": 170798,
          "path": "org/lwjgl/lwjgl-opengl/3.2.2/lwjgl-opengl-3.2.2-natives-windows.jar",
          "url": "https://libraries.minecraft.net/org/lwjgl/lwjgl-opengl/3.2.2/lwjgl-opengl-3.2.2-natives-windows.jar"
        }
      }
    },
    {
      "name": "org.lwjgl:lwjgl-glfw:3.2.1",
      "rules": [
        {
          "action": "allow",
          "os": {
            "name": "osx"
          }
        }
      ],
      "natives": {
        "osx": "natives-macos"
      },
      "artifact": {
        "sha1": "027abb7f64894b61cad163791acd8113f0b21296",
        "size": 116708,
        "path": "org/lwjgl/lwjgl-glfw/3.2.1/lwjgl-glfw-3.2.1.jar",
        "url": "https://libraries.minecraft.net/org/lwjgl/lwjgl-glfw/3.2.1/lwjgl-glfw-3.2.1.jar"
      },
      "classifies": {
        "osx": {
          "sha1": "72fe6dab6110a5a1cd4833f11840eef7b2eadce5",
          "size": 64724,
          "path": "org/lwjgl/lwjgl-glfw/3.2.1/lwjgl-glfw-3.2.1-natives-macos.jar",
          "url": "https://libraries.minecraft.net/org/lwjgl/lwjgl-glfw/3.2.1/lwjgl-glfw-3.2.1-natives-macos.jar"
        }
      }
    },
    {
      "name": "org.lwjgl:lwjgl-glfw:3.2.2",
      "rules": [
        {
          "action": "allow"
        },
        {
          "action": "disallow",
          "os": {
            "name": "osx"
          }
        }
      ],
      "natives": {
        "linux": "natives-linux",
        "windows": "natives-windows"
      },
      "artifact": {
        "sha1": "d3ad4df38e400b8afba1de63f84338809399df5b",
        "size": 108907,
        "path": "org/lwjgl/lwjgl-glfw/3.2.2/lwjgl-glfw-3.2.2.jar",
        "url": "https://libraries.minecraft.net/org/lwjgl/lwjgl-glfw/3.2.2/lwjgl-glfw-3.2.2.jar"
      },
      "classifies": {
        "linux": {
          "sha1": "0957733f26a6661d4883da0335f7ef46d3bbbd7d",
          "size": 159198,
          "path": "org/lwjgl/lwjgl-glfw/3.2.2/lwjgl-glfw-3.2.2-natives-linux.jar",
          "url": "https://libraries.minecraft.net/org/lwjgl/lwjgl-glfw/3.2.2/lwjgl-glfw-3.2.2-natives-linux.jar"
        },
        "windows": {
          "sha1": "dc6826d636bf796b33a49038c354210e661bfc17",
          "size": 266648,
          "path": "org/lwjgl/lwjgl-glfw/3.2.2/lwjgl-glfw-3.2.2-natives-windows.jar",
          "url": "https://libraries.minecraft.net/org/lwjgl/lwjgl-glfw/3.2.2/lwjgl-glfw-3.2.2-natives-windows.jar"
        }
      }
    },
    {
      "name": "org.lwjgl:lwjgl-stb:3.2.1",
      "rules": [
        {
          "action": "allow",
          "os": {
            "name": "osx"
          }
        }
      ],
      "natives": {
        "osx": "natives-macos"
      },
      "artifact": {
        "sha1": "31f5eb5fce3791d58ec898bc5c1867d76d781ba1",
        "size": 105765,
        "path": "org/lwjgl/lwjgl-stb/3.2.1/lwjgl-stb-3.2.1.jar",
        "url": "https://libraries.minecraft.net/org/lwjgl/lwjgl-stb/3.2.1/lwjgl-stb-3.2.1.jar"
      },
      "classifies": {
        "osx": {
          "sha1": "1f5615c952451c30afafba4a6e3ba4e1cd9e7f5c",
          "size": 192364,
          "path": "org/lwjgl/lwjgl-stb/3.2.1/lwjgl-stb-3.2.1-natives-macos.jar",
          "url": "https://libraries.minecraft.net/org/lwjgl/lwjgl-stb/3.2.1/lwjgl-stb-3.2.1-natives-macos.jar"
        }
      }
    },
    {
      "name": "org.lwjgl:lwjgl-tinyfd:3.2.2",
      "rules": [
        {
          "action": "allow"
        },
        {
          "action": "disallow",
          "os": {
            "name": "osx"
          }
        }
      ],
      "natives": {
        "linux": "natives-linux",
        "windows": "natives-windows"
      },
      "artifact": {
        "sha1": "fcbe606c8f8da6f8f9a05e2c540eb1ee8632b0e9",
        "size": 7092,
        "path": "org/lwjgl/lwjgl-tinyfd/3.2.2/lwjgl-tinyfd-3.2.2.jar",
        "url": "https://libraries.minecraft.net/org/lwjgl/lwjgl-tinyfd/3.2.2/lwjgl-tinyfd-3.2.2.jar"
      },
      "classifies": {
        "linux": {
          "sha1": "39e35b161c130635d9c8918ce04e887a30c5b687",
          "size": 38804,
          "path": "org/lwjgl/lwjgl-tinyfd/3.2.2/lwjgl-tinyfd-3.2.2-natives-linux.jar",
          "url": "https://libraries.minecraft.net/org/lwjgl/lwjgl-tinyfd/3.2.2/lwjgl-tinyfd-3.2.2-natives-linux.jar"
        },
        "windows": {
          "sha1": "e9115958773644e863332a6a06488d26f9e1fc9f",
          "size": 208314,
          "path": "org/lwjgl/lwjgl-tinyfd/3.2.2/lwjgl-tinyfd-3.2.2-natives-windows.jar",
          "url": "https://libraries.minecraft.net/org/lwjgl/lwjgl-tinyfd/3.2.2/lwjgl-tinyfd-3.2.2-natives-windows.jar"
        }
      }
    },
    {
      "name": "org.lwjgl:lwjgl-tinyfd:3.2.1",
      "rules": [
        {
          "action": "allow",
          "os": {
            "name": "osx"
          }
        }
      ],
      "natives": {
        "osx": "natives-macos"
      },
      "artifact": {
        "sha1": "259f1dbddb921e27e01b32458d6f584eb8bba13a",
        "size": 7088,
        "path": "org/lwjgl/lwjgl-tinyfd/3.2.1/lwjgl-tinyfd-3.2.1.jar",
        "url": "https://libraries.minecraft.net/org/lwjgl/lwjgl-tinyfd/3.2.1/lwjgl-tinyfd-3.2.1.jar"
      },
      "classifies": {
        "osx": {
          "sha1": "759c2fd9cc5c6ce0b5b7af77ac8200483b7fb660",
          "size": 41962,
          "path": "org/lwjgl/lwjgl-tinyfd/3.2.1/lwjgl-tinyfd-3.2.1-natives-macos.jar",
          "url": "https://libraries.minecraft.net/org/lwjgl/lwjgl-tinyfd/3.2.1/lwjgl-tinyfd-3.2.1-natives-macos.jar"
        }
      }
    },
    {
      "name": "org.lwjgl:lwjgl-stb:3.2.2",
      "rules": [
        {
          "action": "allow"
        },
        {
          "action": "disallow",
          "os": {
            "name": "osx"
          }
        }
      ],
      "natives": {
        "linux": "natives-linux",
        "windows": "natives-windows"
      },
      "artifact": {
        "sha1": "3b8e6ebc5851dd3d17e37e5cadce2eff2a429f0f",
        "size": 104469,
        "path": "org/lwjgl/lwjgl-stb/3.2.2/lwjgl-stb-3.2.2.jar",
        "url": "https://libraries.minecraft.net/org/lwjgl/lwjgl-stb/3.2.2/lwjgl-stb-3.2.2.jar"
      },
      "classifies": {
        "linux": {
          "sha1": "172c52e586fecf43f759bc4f70a778c01f6fdcc1",
          "size": 203476,
          "path": "org/lwjgl/lwjgl-stb/3.2.2/lwjgl-stb-3.2.2-natives-linux.jar",
          "url": "https://libraries.minecraft.net/org/lwjgl/lwjgl-stb/3.2.2/lwjgl-stb-3.2.2-natives-linux.jar"
        },
        "windows": {
          "sha1": "811f705cbb29e8ae8d60bdf8fdd38c0c123ad3ef",
          "size": 465810,
          "path": "org/lwjgl/lwjgl-stb/3.2.2/lwjgl-stb-3.2.2-natives-windows.jar",
          "url": "https://libraries.minecraft.net/org/lwjgl/lwjgl-stb/3.2.2/lwjgl-stb-3.2.2-natives-windows.jar"
        }
      }
    },
    {
      "name": "com.mojang:text2speech:1.11.3",
      "artifact": {
        "sha1": "f378f889797edd7df8d32272c06ca80a1b6b0f58",
        "size": 13164,
        "path": "com/mojang/text2speech/1.11.3/text2speech-1.11.3.jar",
        "url": "https://libraries.minecraft.net/com/mojang/text2speech/1.11.3/text2speech-1.11.3.jar"
      }
    },
    {
      "name": "com.mojang:text2speech:1.11.3",
      "natives": {
        "linux": "natives-linux",
        "windows": "natives-windows"
      },
      "extract": {
        "exclude": [
          "META-INF/"
        ]
      },
      "artifact": {
        "sha1": "f378f889797edd7df8d32272c06ca80a1b6b0f58",
        "size": 13164,
        "path": "com/mojang/text2speech/1.11.3/text2speech-1.11.3.jar",
        "url": "https://libraries.minecraft.net/com/mojang/text2speech/1.11.3/text2speech-1.11.3.jar"
      },
      "classifies": {
        "linux": {
          "sha1": "ac641755a2a841d1fca9e660194f42523ee5cfe0",
          "size": 7833,
          "path": "com/mojang/text2speech/1.11.3/text2speech-1.11.3-natives-linux.jar",
          "url": "https://libraries.minecraft.net/com/mojang/text2speech/1.11.3/text2speech-1.11.3-natives-linux.jar"
        },
        "windows": {
          "sha1": "c0b242c0091be5acbf303263c7eeeaedd70544c7",
          "size": 81379,
          "path": "com/mojang/text2speech/1.11.3/text2speech-1.11.3-natives-windows.jar",
          "url": "https://libraries.minecraft.net/com/mojang/text2speech/1.11.3/text2speech-1.11.3-natives-windows.jar"
        }
      }
    },
    {
      "name": "ca.weblite:java-objc-bridge:1.0.0",
      "rules": [
        {
          "action": "allow",
          "os": {
            "name": "osx"
          }
        }
      ],
      "natives": {
        "osx": "natives-osx"
      },
      "extract": {
        "exclude": [
          "META-INF/"
        ]
      },
      "artifact": {
        "sha1": "6ef160c3133a78de015830860197602ca1c855d3",
        "size": 40502,
        "path": "ca/weblite/java-objc-bridge/1.0.0/java-objc-bridge-1.0.0.jar",
        "url": "https://libraries.minecraft.net/ca/weblite/java-objc-bridge/1.0.0/java-objc-bridge-1.0.0.jar"
      },
      "classifies": {
        "osx": {
          "sha1": "08befab4894d55875f33c3d300f4f71e6e828f64",
          "size": 5629,
          "path": "ca/weblite/java-objc-bridge/1.0.0/java-objc-bridge-1.0.0-natives-osx.jar",
          "url": "https://libraries.minecraft.net/ca/weblite/java-objc-bridge/1.0.0/java-objc-bridge-1.0.0-natives-osx.jar"
        }
      }
    },
    {
      "name": "ca.weblite:java-objc-bridge:1.0.0",
      "rules": [
        {
          "action": "allow",
          "os": {
            "name": "osx"
          }
        }
      ],
      "artifact": {
        "sha1": "6ef160c3133a78de015830860197602ca1c855d3",
        "size": 40502,
        "path": "ca/weblite/java-objc-bridge/1.0.0/java-objc-bridge-1.0.0.jar",
        "url": "https://libraries.minecraft.net/ca/weblite/java-objc-bridge/1.0.0/java-objc-bridge-1.0.0.jar"
      }
    }
  ],
  "assetIndex": {
    "id": "1.18",
    "totalSize": 467473537,
    "size": 348532,
    "url": "https://launchermeta.mojang.com/v1/packages/de57d9f6d65a980f86df431603287248d4f148b5/1.18.json"
  },
  "downloads": {
    "client": {
      "sha1": "d49eb6caed53d23927648c97451503442f9e26fd",
      "size": 20038427,
      "url": "https://launcher.mojang.com/v1/objects/d49eb6caed53d23927648c97451503442f9e26fd/client.jar"
    },
    "client_mappings": {
      "sha1": "e824c89c612c0b9cb438ef739c44726c59bbf679",
      "size": 6610979,
      "url": "https://launcher.mojang.com/v1/objects/e824c89c612c0b9cb438ef739c44726c59bbf679/client.txt"
    },
    "server": {
      "sha1": "3cf24a8694aca6267883b17d934efacc5e44440d",
      "size": 46323386,
      "url": "https://launcher.mojang.com/v1/objects/3cf24a8694aca6267883b17d934efacc5e44440d/server.jar"
    },
    "server_mappings": {
      "sha1": "a8fe854e35a69df7289d3f03fc0821f6363f2238",
      "size": 5115917,
      "url": "https://launcher.mojang.com/v1/objects/a8fe854e35a69df7289d3f03fc0821f6363f2238/server.txt"
    }
  },
  "complianceLevel": 1.0,
  "javaVersion": {
    "component": "java-runtime-beta",
    "majorVersion": 17.0
  },
  "logging": {
    "client": {
      "argument": "-Dlog4j.configurationFile=${path}",
      "file": {
        "id": "client-1.12.xml",
        "sha1": "bd65e7d2e3c237be76cfbef4c2405033d7f91521",
        "size": 888,
        "url": "https://launcher.mojang.com/v1/objects/bd65e7d2e3c237be76cfbef4c2405033d7f91521/client-1.12.xml"
      },
      "type": "log4j2-xml"
    }
  }
}